city,street,number,keyword
Zagreb,Avenija Marina Držića,14,"Zagreb, Avenija Marina Držića 14"
Zagreb,Karlovačka cesta,2,"Zagreb, Karlovačka cesta 2"
Zagreb,Karlovačka cesta,2,"Zagreb, Karlovačka cesta 2"
Zagreb,Nalješkovićeva ulica,4,"Zagreb, Nalješkovićeva ulica 4"
Zagreb,Pile I,2,"Zagreb, Pile I 2"
Zagreb,Pile III,16,"Zagreb, Pile III 16"
Zagreb,Remetinečki gaj,2,"Zagreb, Remetinečki gaj 2"
Zagreb,grada Vukovara,236,"Zagreb, grada Vukovara 236"
Zagreb,Vice Vukova,11,"Zagreb, Vice Vukova 11"
Zagreb,Cvijete Zuzorić,29,"Zagreb, Cvijete Zuzorić 29"
Zagreb,Cvijete Zuzorić,31,"Zagreb, Cvijete Zuzorić 31"
Zagreb,Cvijete Zuzorić,33,"Zagreb, Cvijete Zuzorić 33"
Zagreb,Cvijete Zuzorić,35,"Zagreb, Cvijete Zuzorić 35"
Zagreb,Cvijete Zuzorić,37,"Zagreb, Cvijete Zuzorić 37"
Zagreb,Cvijete Zuzorić,39,"Zagreb, Cvijete Zuzorić 39"
Zagreb,Cvijete Zuzorić,43,"Zagreb, Cvijete Zuzorić 43"
Zagreb,Cvijete Zuzorić,45,"Zagreb, Cvijete Zuzorić 45"
Zagreb,Cvijete Zuzorić,47,"Zagreb, Cvijete Zuzorić 47"
Zagreb,Cvijete Zuzorić,49,"Zagreb, Cvijete Zuzorić 49"
Zagreb,Cvijete Zuzorić,51,"Zagreb, Cvijete Zuzorić 51"
Zagreb,Cvijete Zuzorić,53,"Zagreb, Cvijete Zuzorić 53"
Zagreb,Cvijete Zuzorić,55,"Zagreb, Cvijete Zuzorić 55"
Zagreb,Cvijete Zuzorić,1,"Zagreb, Cvijete Zuzorić 1"
Zagreb,Cvijete Zuzorić,3,"Zagreb, Cvijete Zuzorić 3"
Zagreb,Cvijete Zuzorić,5,"Zagreb, Cvijete Zuzorić 5"
Zagreb,Cvijete Zuzorić,41,"Zagreb, Cvijete Zuzorić 41"
Zagreb,Jaruščica,17,"Zagreb, Jaruščica 17"
Zagreb,Jaruščica,17,"Zagreb, Jaruščica 17"
Zagreb,Jaruščica,19,"Zagreb, Jaruščica 19"
Zagreb,Jaruščica,21,"Zagreb, Jaruščica 21"
Zagreb,Jaruščica,17,"Zagreb, Jaruščica 17"
Zagreb,Jaruščica,17,"Zagreb, Jaruščica 17"
Zagreb,Jaruščica,23,"Zagreb, Jaruščica 23"
Zagreb,Jaruščica,1,"Zagreb, Jaruščica 1"
Zagreb,Jaruščica,5,"Zagreb, Jaruščica 5"
Zagreb,Jaruščica,5,"Zagreb, Jaruščica 5"
Zagreb,Jaruščica,11,"Zagreb, Jaruščica 11"
Zagreb,Lanište,132,"Zagreb, Lanište 132"
Zagreb,Jaruščica,1,"Zagreb, Jaruščica 1"
Zagreb,Jaruščica,9,"Zagreb, Jaruščica 9"
Zagreb,Jaruščica,1,"Zagreb, Jaruščica 1"
Zagreb,Jaruščica,9,"Zagreb, Jaruščica 9"
Zagreb,Jaruščica,9,"Zagreb, Jaruščica 9"
Zagreb,Jaruščica,7,"Zagreb, Jaruščica 7"
Zagreb,Jaruščica,9,"Zagreb, Jaruščica 9"
Zagreb,Jaruščica,1,"Zagreb, Jaruščica 1"
Zagreb,Jaruščica,1,"Zagreb, Jaruščica 1"
Zagreb,Remetinečki gaj,2,"Zagreb, Remetinečki gaj 2"
Zagreb,Jaruščica,7,"Zagreb, Jaruščica 7"
Zagreb,Nalješkovićeva,21,"Zagreb, Nalješkovićeva 21"
Zagreb,Nalješkovićeva,35,"Zagreb, Nalješkovićeva 35"
Zagreb,Nalješkovićeva,11,"Zagreb, Nalješkovićeva 11"
Zagreb,Nalješkovićeva,23,"Zagreb, Nalješkovićeva 23"
Zagreb,Hrvatskog proljeća,16,"Zagreb, Hrvatskog proljeća 16"
Zagreb,Legradska,3,"Zagreb, Legradska 3"
Zagreb,Legradska ulica,4,"Zagreb, Legradska ulica 4"
Zagreb,Trg Augustina Kažotića,8,"Zagreb, Trg Augustina Kažotića 8"
Zagreb,Trg Augustina Kažotića,7,"Zagreb, Trg Augustina Kažotića 7"
Zagreb,Koledinečka,1,"Zagreb, Koledinečka 1"
Zagreb,Koledinečka,3,"Zagreb, Koledinečka 3"
Zagreb,Koledinečka,6,"Zagreb, Koledinečka 6"
Zagreb,Koledinečka,8,"Zagreb, Koledinečka 8"
Zagreb,Grižanska,2,"Zagreb, Grižanska 2"
Zagreb,Grižanska,2,"Zagreb, Grižanska 2"
Zagreb,Grižanska,4,"Zagreb, Grižanska 4"
Zagreb,Grižanska,6,"Zagreb, Grižanska 6"
Zagreb,I. Laz,1,"Zagreb, I. Laz 1"
Zagreb,I. Laz,3,"Zagreb, I. Laz 3"
Zagreb,I. Laz,3,"Zagreb, I. Laz 3"
Zagreb,I. Laz,5,"Zagreb, I. Laz 5"
Zagreb,I. Laz,7,"Zagreb, I. Laz 7"
Zagreb,I. Laz,7,"Zagreb, I. Laz 7"
Zagreb,I. Laz,7,"Zagreb, I. Laz 7"
Zagreb,I. Laz,7,"Zagreb, I. Laz 7"
Zagreb,I. Laz,7,"Zagreb, I. Laz 7"
Zagreb,I. Laz,9,"Zagreb, I. Laz 9"
Zagreb,I. Laz,9,"Zagreb, I. Laz 9"
Zagreb,I. Laz,11,"Zagreb, I. Laz 11"
Zagreb,Klekovačka,10,"Zagreb, Klekovačka 10"
Zagreb,Klekovačka,12,"Zagreb, Klekovačka 12"
Zagreb,Klekovačka,44,"Zagreb, Klekovačka 44"
Zagreb,Klekovačka,44,"Zagreb, Klekovačka 44"
Zagreb,Klekovačka,50,"Zagreb, Klekovačka 50"
Zagreb,Klekovačka,2,"Zagreb, Klekovačka 2"
Zagreb,Klekovačka,4,"Zagreb, Klekovačka 4"
Zagreb,Milovana Gavazzija,1,"Zagreb, Milovana Gavazzija 1"
Zagreb,Vile Velebita,6,"Zagreb, Vile Velebita 6"
Zagreb,Hrvatskog proljeća,20,"Zagreb, Hrvatskog proljeća 20"
Zagreb,Gjure Prejca,2,"Zagreb, Gjure Prejca 2"
Zagreb,Hrvatskog proljeća,22,"Zagreb, Hrvatskog proljeća 22"
Zagreb,Hrvatskog proljeća,20,"Zagreb, Hrvatskog proljeća 20"
Zagreb,Vile Velebita,1,"Zagreb, Vile Velebita 1"
Zagreb,Vile Velebita,1,"Zagreb, Vile Velebita 1"
Zagreb,Hrvatskog proljeća,18,"Zagreb, Hrvatskog proljeća 18"
Zagreb,hrvatskog proljeća,32,"Zagreb, hrvatskog proljeća 32"
Zagreb,Hrvatskog proljeća,36,"Zagreb, Hrvatskog proljeća 36"
Zagreb,Pernatska ulica,4,"Zagreb, Pernatska ulica 4"
Zagreb,Dankovečka ulica,6,"Zagreb, Dankovečka ulica 6"
Zagreb,Dankovečka ulica,8,"Zagreb, Dankovečka ulica 8"
Zagreb,Ulica Hrvatskog proljeća,22,"Zagreb, Ulica Hrvatskog proljeća 22"
Zagreb,Grižanska ulica,12,"Zagreb, Grižanska ulica 12"
Zagreb,Garešnička ulica,39,"Zagreb, Garešnička ulica 39"
Zagreb,Hrvatskog proljeća,34,"Zagreb, Hrvatskog proljeća 34"
Zagreb,Garešnička ulica,21,"Zagreb, Garešnička ulica 21"
Zagreb,Garešnička ulica,23,"Zagreb, Garešnička ulica 23"
Zagreb,Hrvatskog proljeća,30,"Zagreb, Hrvatskog proljeća 30"
Zagreb,Milovana Gavazzija,2,"Zagreb, Milovana Gavazzija 2"
Zagreb,Milovana Gavazzija,8,"Zagreb, Milovana Gavazzija 8"
Zagreb,Milovana Gavazzija,8,"Zagreb, Milovana Gavazzija 8"
Zagreb,Milovana Gavazzija,4,"Zagreb, Milovana Gavazzija 4"
Zagreb,Milovana Gavazzija,2,"Zagreb, Milovana Gavazzija 2"
Zagreb,Milovana Gavazzija,6,"Zagreb, Milovana Gavazzija 6"
Zagreb,Milovana Gavazzija,6,"Zagreb, Milovana Gavazzija 6"
Zagreb,Vile Velebita,1,"Zagreb, Vile Velebita 1"
Zagreb,Vile Velebita,1,"Zagreb, Vile Velebita 1"
Zagreb,Vile Velebita,1,"Zagreb, Vile Velebita 1"
Zagreb,Vile Velebita,1,"Zagreb, Vile Velebita 1"
Zagreb,Hrvatskog proljeća,24,"Zagreb, Hrvatskog proljeća 24"
Zagreb,Hrvatskog proljeća,38,"Zagreb, Hrvatskog proljeća 38"
Zagreb,Hrvatskog proljeća,40,"Zagreb, Hrvatskog proljeća 40"
Zagreb,Gjure Prejca,7,"Zagreb, Gjure Prejca 7"
Zagreb,Gjure Prejca,3,"Zagreb, Gjure Prejca 3"
Zagreb,Gjure Prejca,5,"Zagreb, Gjure Prejca 5"
Zagreb,Gjure Prejca,9,"Zagreb, Gjure Prejca 9"
Zagreb,Gjure Prejca,1,"Zagreb, Gjure Prejca 1"
Zagreb,Grižanska,17,"Zagreb, Grižanska 17"
Zagreb,Grižanska,5,"Zagreb, Grižanska 5"
Zagreb,Grižanska,21,"Zagreb, Grižanska 21"
Zagreb,Grižanska,3,"Zagreb, Grižanska 3"
Zagreb,Grižanska,1,"Zagreb, Grižanska 1"
Zagreb,Grižanska,19,"Zagreb, Grižanska 19"
Zagreb,Grižanska,9,"Zagreb, Grižanska 9"
Zagreb,Koledinečka,5,"Zagreb, Koledinečka 5"
Zagreb,Koledinečka,3,"Zagreb, Koledinečka 3"
Zagreb,Koledinečka,1,"Zagreb, Koledinečka 1"
Zagreb,Vile Velebita,1,"Zagreb, Vile Velebita 1"
Zagreb,Dankovečka,12,"Zagreb, Dankovečka 12"
Zagreb,Dankovečka,50,"Zagreb, Dankovečka 50"
Zagreb,Dankovečka,46,"Zagreb, Dankovečka 46"
